title,doi,file_location
Spatially Resolved Gene Signatures of White Matter Lesion Progression in Multiple Sclerosis,10.1038/s41593-024-01765-6,data/MS_EXPORT/files/27939/Alsema et al. - 2024 - Spatially resolved gene signatures of white matter lesion progression in multiple sclerosis.pdf
The Circadian Immune System,10.1126/sciimmunol.abm2465,data/MS_EXPORT/files/28167/Wang et al. - 2022 - The circadian immune system.pdf
Tensor-Based Insights into Systems Immunity and Infectious Disease,10.1016/j.it.2023.03.003,data/MS_EXPORT/files/27999/Chin et al. - 2023 - Tensor-based insights into systems immunity and infectious disease.pdf
Cell Type Mapping Reveals Tissue Niches and Interactions in Subcortical Multiple Sclerosis Lesions,10.1038/s41593-024-01796-z,data/MS_EXPORT/files/27938/Lerma-Martin et al. - 2024 - Cell type mapping reveals tissue niches and interactions in subcortical multiple sclerosis lesions.pdf
"Location, Location, Location: Tissue Resident Memory T Cells in Mice and Humans",10.1126/sciimmunol.aas9673,"data/MS_EXPORT/files/28000/Szabo et al. - 2019 - Location, location, location Tissue resident memory T cells in mice and humans.pdf"
Innate Lymphoid Cells: A New Paradigm in Immunology,10.1126/science.aaa6566,data/MS_EXPORT/files/20301/Eberl et al. - 2015 - Innate lymphoid cells A new paradigm in immunology.pdf
The Ageing Haematopoietic Stem Cell Compartment,10.1038/nri3433,data/MS_EXPORT/files/20333/Geiger et al. - 2013 - The ageing haematopoietic stem cell compartment.pdf
Mass Cytometry Imaging for the Study of Human Diseases---Applications and Data Analysis Strategies,10.3389/fimmu.2019.02657,data/MS_EXPORT/files/20390/Baharlou et al. - 2019 - Mass Cytometry Imaging for the Study of Human Diseases—Applications and Data Analysis Strategies.pdf
Spatial Cell Type Mapping of Multiple Sclerosis Lesions,10.1101/2022.11.03.514906,data/MS_EXPORT/files/20620/Lerma-Martin et al. - 2022 - Spatial cell type mapping of multiple sclerosis lesions.pdf
Multiple Sclerosis -- a Review,10.1111/ene.13819,data/MS_EXPORT/files/20622/Dobson and Giovannoni - 2019 - Multiple sclerosis – a review.pdf
Multiple Sclerosis,10.1056/NEJMra1401483,data/MS_EXPORT/files/20623/Reich et al. - 2018 - Multiple Sclerosis.pdf
Mendelian Randomization Shows a Causal Effect of Low Vitamin D on Multiple Sclerosis Risk,10.1212/NXG.0000000000000097,data/MS_EXPORT/files/20626/Rhead et al. - 2016 - Mendelian randomization shows a causal effect of low vitamin D on multiple sclerosis risk.pdf
A Lymphocyte--Microglia--Astrocyte Axis in Chronic Active Multiple Sclerosis,10.1038/s41586-021-03892-7,data/MS_EXPORT/files/20627/Absinta et al. - 2021 - A lymphocyte–microglia–astrocyte axis in chronic active multiple sclerosis.pdf
Lesion Genesis in a Subset of Patients with Multiple Sclerosis: A Role for Innate Immunity?,10.1093/brain/awm236,data/MS_EXPORT/files/20629/Marik et al. - 2007 - Lesion genesis in a subset of patients with multiple sclerosis a role for innate immunity.pdf
Diversity and Function of Glial Cell Types in Multiple Sclerosis,10.1016/j.it.2021.01.005,data/MS_EXPORT/files/20635/Schirmer et al. - 2021 - Diversity and Function of Glial Cell Types in Multiple Sclerosis.pdf
Positive and Negative Selection of the T Cell Repertoire: What Thymocytes See (and Don't See),10.1038/nri3667,data/MS_EXPORT/files/20679/Klein et al. - 2014 - Positive and negative selection of the T cell repertoire what thymocytes see (and don't see).pdf
How Does the Immune System Enter the Brain?,10.3389/fimmu.2022.805657,data/MS_EXPORT/files/20681/Mapunda et al. - 2022 - How Does the Immune System Enter the Brain.pdf
The Industrial Genomic Revolution: A New Era in Neuroimmunology,10.1016/j.neuron.2022.09.030,data/MS_EXPORT/files/27393/Shalita and Amit - 2022 - The industrial genomic revolution A new era in neuroimmunology.pdf
Heterogeneity of Meningeal B Cells Reveals a Lymphopoietic Niche at the CNS Borders,10.1126/science.abf9277,data/MS_EXPORT/files/20683/Brioschi et al. - 2021 - Heterogeneity of meningeal B cells reveals a lymphopoietic niche at the CNS borders.pdf
Prediction of Combination Therapies Based on Topological Modeling of the Immune Signaling Network in Multiple Sclerosis,10.1186/s13073-021-00925-8,data/MS_EXPORT/files/20685/Bernardo-Faura et al. - 2021 - Prediction of combination therapies based on topological modeling of the immune signaling network in.pdf
Barcoded Viral Tracing of Single-Cell Interactions in Central Nervous System Inflammation,10.1126/science.abf1230,data/MS_EXPORT/files/20688/Clark et al. - 2021 - Barcoded viral tracing of single-cell interactions in central nervous system inflammation.pdf
Skull and Vertebral Bone Marrow Are Myeloid Cell Reservoirs for the Meninges and CNS Parenchyma,10.1126/science.abf7844,data/MS_EXPORT/files/20690/Cugurra et al. - 2021 - Skull and vertebral bone marrow are myeloid cell reservoirs for the meninges and CNS parenchyma.pdf
Clonally Expanded B Cells in Multiple Sclerosis Bind EBV EBNA1 and GlialCAM,10.1038/s41586-022-04432-7,data/MS_EXPORT/files/20693/Lanz et al. - 2022 - Clonally expanded B cells in multiple sclerosis bind EBV EBNA1 and GlialCAM.pdf
Longitudinal Analysis Reveals High Prevalence of Epstein-Barr Virus Associated with Multiple Sclerosis,10.1126/science.abj8222,data/MS_EXPORT/files/20694/Bjornevik et al. - 2022 - Longitudinal analysis reveals high prevalence of Epstein-Barr virus associated with multiple scleros.pdf
The MRZ Reaction as a Highly Specific Marker of Multiple Sclerosis: Re-Evaluation and Structured Review of the Literature,10.1007/s00415-016-8360-4,data/MS_EXPORT/files/20695/Jarius et al. - 2017 - The MRZ reaction as a highly specific marker of multiple sclerosis re-evaluation and structured rev.pdf
Tissue Biology Perspective on Macrophages,10.1038/ni.3320,data/MS_EXPORT/files/20697/Okabe and Medzhitov - 2016 - Tissue biology perspective on macrophages.pdf
Antibodies from Multiple Sclerosis Brain Identified Epstein-Barr Virus Nuclear Antigen 1 \& 2 Epitopes Which Are Recognized by Oligoclonal Bands,10.1007/s11481-020-09948-1,data/MS_EXPORT/files/20698/Wang et al. - 2021 - Antibodies from Multiple Sclerosis Brain Identified Epstein-Barr Virus Nuclear Antigen 1 & 2 Epitope.pdf
Fine-Tuning Cytokine Signals,10.1146/annurev-immunol-042718-041447,data/MS_EXPORT/files/20751/Lin and Leonard - 2019 - Fine-Tuning Cytokine Signals.pdf
Systems Immunology: Just Getting Started,10.1038/ni.3768,data/MS_EXPORT/files/20788/Davis et al. - 2017 - Systems immunology just getting started.pdf
A Guide to Systems-Level Immunomics,10.1038/s41590-022-01309-9,data/MS_EXPORT/files/20789/Bonaguro et al. - 2022 - A guide to systems-level immunomics.pdf
Teaching 'big Data' Analysis to Young Immunologists,10.1038/ni.3250,data/MS_EXPORT/files/20798/Schultze - 2015 - Teaching 'big data' analysis to young immunologists.pdf
Unifying Immunology with Informatics and Multiscale Biology,10.1038/ni.2787,data/MS_EXPORT/files/20807/Kidd et al. - 2014 - Unifying immunology with informatics and multiscale biology.pdf
Systems Immunology: Learning the Rules of the Immune System,10.1146/annurev-immunol-042617-053035,data/MS_EXPORT/files/20809/Villani et al. - 2018 - Systems Immunology Learning the Rules of the Immune System.pdf
Systems Immunology,10.1016/j.coi.2020.06.006,data/MS_EXPORT/files/20810/Davis - 2020 - Systems immunology.pdf
Human Immunology through the Lens of Evolutionary Genetics,10.1016/j.cell.2019.02.033,data/MS_EXPORT/files/20813/Quintana-Murci - 2019 - Human Immunology through the Lens of Evolutionary Genetics.pdf
Revising Immune Cell Coordination: Origins and Importance of Single-cell Variation,10.1002/eji.202250073,data/MS_EXPORT/files/20830/Van Eyndhoven and Tel - 2022 - Revising immune cell coordination Origins and importance of single‐cell variation.pdf
Systems Biology Approaches to Unravel Lymphocyte Subsets and Function,10.1016/j.coi.2023.102323,data/MS_EXPORT/files/20832/Kim et al. - 2023 - Systems biology approaches to unravel lymphocyte subsets and function.pdf
A Guide to Interrogating Immunometabolism,10.1038/s41577-021-00529-8,data/MS_EXPORT/files/20839/Voss et al. - 2021 - A guide to interrogating immunometabolism.pdf
Locally Sourced: Site-Specific Immune Barriers to Metastasis,10.1038/s41577-023-00836-2,data/MS_EXPORT/files/20853/Correia - 2023 - Locally sourced site-specific immune barriers to metastasis.pdf
Neutrophils and Emergency Granulopoiesis Drive Immune Suppression and an Extreme Response Endotype during Sepsis,10.1038/s41590-023-01490-5,data/MS_EXPORT/files/20856/Kwok et al. - 2023 - Neutrophils and emergency granulopoiesis drive immune suppression and an extreme response endotype d.pdf
Rebooting Human Immunology,10.1146/annurev-immunol-042617-053206,data/MS_EXPORT/files/20878/Davis and Brodin - 2018 - Rebooting Human Immunology.pdf
Recent Progress in the Analysis of {$A\beta$} T Cell and B Cell Receptor Repertoires,10.1016/j.coi.2019.05.012,data/MS_EXPORT/files/20880/Davis and Boyd - 2019 - Recent progress in the analysis of αβ T cell and B cell receptor repertoires.pdf
A Single-Cell Multi-Omics Map of Cell-Type-Specific Mechanistic Drivers of Multiple Sclerosis Lesions,10.21203/rs.3.rs-2845466/v1,data/MS_EXPORT/files/20881/Elkjaer et al. - 2023 - A single-cell multi-omics map of cell-type-specific mechanistic drivers of multiple sclerosis lesion.pdf
The Whole Body as the System in Systems Immunology,10.1016/j.isci.2020.101509,data/MS_EXPORT/files/20883/Poon and Farber - 2020 - The Whole Body as the System in Systems Immunology.pdf
How Transcription Factors Drive Choice of the T Cell Fate,10.1038/s41577-020-00426-6,data/MS_EXPORT/files/20896/Hosokawa and Rothenberg - 2021 - How transcription factors drive choice of the T cell fate.pdf
"Contribution of T Cell Receptor Alpha and Beta CDR3, MHC Typing, V and J Genes to Peptide Binding Prediction",10.3389/fimmu.2021.664514,"data/MS_EXPORT/files/20897/Springer et al. - 2021 - Contribution of T Cell Receptor Alpha and Beta CDR3, MHC Typing, V and J Genes to Peptide Binding Pr.pdf"
The Immune Epitope Database and Analysis Resource in Epitope Discovery and Synthetic Vaccine Design,10.3389/fimmu.2017.00278,data/MS_EXPORT/files/20899/Fleri et al. - 2017 - The Immune Epitope Database and Analysis Resource in Epitope Discovery and Synthetic Vaccine Design.pdf
Natural Barcodes for Longitudinal Single Cell Tracking of Leukemic and Immune Cell Dynamics,10.3389/fimmu.2021.788891,data/MS_EXPORT/files/20912/Penter et al. - 2022 - Natural Barcodes for Longitudinal Single Cell Tracking of Leukemic and Immune Cell Dynamics.pdf
Single-Cell RNA Sequencing to Explore Immune Cell Heterogeneity,10.1038/nri.2017.76,data/MS_EXPORT/files/20920/Papalexi and Satija - 2018 - Single-cell RNA sequencing to explore immune cell heterogeneity.pdf
Immunology in the Era of Single-Cell Technologies,10.1146/annurev-immunol-090419-020340,data/MS_EXPORT/files/20921/Efremova et al. - 2020 - Immunology in the Era of Single-Cell Technologies.pdf
Human Immune Diversity: From Evolution to Modernity,10.1038/s41590-021-01058-1,data/MS_EXPORT/files/20970/Liston et al. - 2021 - Human immune diversity from evolution to modernity.pdf
Transcriptional Regulation in the Immune System: One Cell at a Time,10.3389/fimmu.2019.01355,data/MS_EXPORT/files/20985/Roy - 2019 - Transcriptional Regulation in the Immune System One Cell at a Time.pdf
Clinical and Translational Values of Spatial Transcriptomics,10.1038/s41392-022-00960-w,data/MS_EXPORT/files/21000/Zhang et al. - 2022 - Clinical and translational values of spatial transcriptomics.pdf
"A Robust Experimental and Computational Analysis Framework at Multiple Resolutions, Modalities and Coverages",10.3389/fimmu.2022.911873,"data/MS_EXPORT/files/21104/Tran et al. - 2022 - A robust experimental and computational analysis framework at multiple resolutions, modalities and c.pdf"
Making Human Immune Systems More Interpretable through Systems Immunology,10.1016/j.it.2023.06.005,data/MS_EXPORT/files/21525/Forlin et al. - 2023 - Making human immune systems more interpretable through systems immunology.pdf
"Immunology in Natura: Clinical, Epidemiological and Evolutionary Genetics of Infectious Diseases",10.1038/ni1535,"data/MS_EXPORT/files/21539/Quintana-Murci et al. - 2007 - Immunology in natura clinical, epidemiological and evolutionary genetics of infectious diseases.pdf"
Clonal Expansion and Epigenetic Inheritance of Long-Lasting NK Cell Memory,10.1038/s41590-022-01327-7,data/MS_EXPORT/files/21547/Rückert et al. - 2022 - Clonal expansion and epigenetic inheritance of long-lasting NK cell memory.pdf
Defining Blood-Induced Microglia Functions in Neurodegeneration through Multiomic Profiling,10.1038/s41590-023-01522-0,data/MS_EXPORT/files/21598/Mendiola et al. - 2023 - Defining blood-induced microglia functions in neurodegeneration through multiomic profiling.pdf
Systems Immunology Approaches to Metabolism,10.1146/annurev-immunol-101220-031513,data/MS_EXPORT/files/21605/Mogilenko et al. - 2023 - Systems Immunology Approaches to Metabolism.pdf
Single Cell T Cell Receptor Sequencing: Techniques and Future Challenges,10.3389/fimmu.2018.01638,data/MS_EXPORT/files/21613/De Simone et al. - 2018 - Single Cell T Cell Receptor Sequencing Techniques and Future Challenges.pdf
Bioinformatic and Statistical Analysis of Adaptive Immune Repertoires,10.1016/j.it.2015.09.006,data/MS_EXPORT/files/21617/Greiff et al. - 2015 - Bioinformatic and Statistical Analysis of Adaptive Immune Repertoires.pdf
Single-Cell Multi-Omics Analysis of the Immune Response in COVID-19,10.1038/s41591-021-01329-2,data/MS_EXPORT/files/21619/Cambridge Institute of Therapeutic Immunology and Infectious Disease-National Institute of Health Research (CITIID-NIHR) COVID-19 BioResource Collaboration et al. - 2021 - Single-cell multi-omics analysis of the immune response in COVID-19.pdf
TCRMatch: Predicting T-Cell Receptor Specificity Based on Sequence Similarity to Previously Characterized Receptors,10.3389/fimmu.2021.640725,data/MS_EXPORT/files/21622/Peters - TCRMatch Predicting T-Cell Receptor Specificity Based on Sequence Similarity to Previously Characte.pdf
Clonal Expansion under the Microscope: Studying Lymphocyte Activation and Differentiation Using Live-cell Imaging,10.1038/icb.2015.104,data/MS_EXPORT/files/21653/Polonsky et al. - 2016 - Clonal expansion under the microscope studying lymphocyte activation and differentiation using live.pdf
Single-Cell Gene Expression Reveals a Landscape of Regulatory T Cell Phenotypes Shaped by the TCR,10.1038/s41590-018-0051-0,data/MS_EXPORT/files/21692/Zemmour et al. - 2018 - Single-cell gene expression reveals a landscape of regulatory T cell phenotypes shaped by the TCR.pdf
Single-Cell TCR and Transcriptome Analysis: An Indispensable Tool for Studying T-Cell Biology and Cancer Immunotherapy,10.3389/fimmu.2021.689091,data/MS_EXPORT/files/21693/Pasetto and Lu - 2021 - Single-Cell TCR and Transcriptome Analysis An Indispensable Tool for Studying T-Cell Biology and Ca.pdf
Using T Cell Receptor Repertoires to Understand the Principles of Adaptive Immune Recognition,10.1146/annurev-immunol-042718-041757,data/MS_EXPORT/files/21697/Bradley and Thomas - 2019 - Using T Cell Receptor Repertoires to Understand the Principles of Adaptive Immune Recognition.pdf
Maladaptive Consequences of Inflammatory Events Shape Individual Immune Identity,10.1038/s41590-022-01342-8,data/MS_EXPORT/files/21709/Halper-Stromberg and Jabri - 2022 - Maladaptive consequences of inflammatory events shape individual immune identity.pdf
Why Must T Cells Be Cross-Reactive?,10.1038/nri3279,data/MS_EXPORT/files/21714/Sewell - 2012 - Why must T cells be cross-reactive.pdf
Mining Adaptive Immune Receptor Repertoires for Biological and Clinical Information Using Machine Learning,10.1016/j.coisb.2020.10.010,data/MS_EXPORT/files/21718/Greiff et al. - 2020 - Mining adaptive immune receptor repertoires for biological and clinical information using machine le.pdf
A Framework for Annotation of Antigen Specificities in High-Throughput T-Cell Repertoire Sequencing Studies,10.3389/fimmu.2019.02159,data/MS_EXPORT/files/21723/Shugay - A Framework for Annotation of Antigen Specificities in High-Throughput T-Cell Repertoire Sequencing.pdf
Efficient T Cell Activation Requires an Optimal Dwell-Time of Interaction between the TCR and the pMHC Complex,10.1038/85286,data/MS_EXPORT/files/21733/Kalergis et al. - 2001 - Efficient T cell activation requires an optimal dwell-time of interaction between the TCR and the pM.pdf
NAIR: Network Analysis of Immune Repertoire,10.3389/fimmu.2023.1181825,data/MS_EXPORT/files/21742/Yang et al. - 2023 - NAIR Network Analysis of Immune Repertoire.pdf
Can We Predict T Cell Specificity with Digital Biology and Machine Learning?,10.1038/s41577-023-00835-3,data/MS_EXPORT/files/21743/Hudson et al. - 2023 - Can we predict T cell specificity with digital biology and machine learning.pdf
Network Representation of T-Cell Repertoire--- A Novel Tool to Analyze Immune Response to Cancer Formation,10.3389/fimmu.2018.02913,data/MS_EXPORT/files/21756/Priel et al. - 2018 - Network Representation of T-Cell Repertoire— A Novel Tool to Analyze Immune Response to Cancer Forma.pdf
Sumrep: A Summary Statistic Framework for Immune Receptor Repertoire Comparison and Model Validation,10.3389/fimmu.2019.02533,data/MS_EXPORT/files/21761/Olson and Iv - sumrep A Summary Statistic Framework for Immune Receptor Repertoire Comparison and Model Validation.pdf
"Research Progress on Application of Single-Cell TCR/BCR Sequencing Technology to the Tumor Immune Microenvironment, Autoimmune Diseases, and Infectious Diseases",10.3389/fimmu.2022.969808,data/MS_EXPORT/files/21771/He et al. - 2022 - Research progress on application of single-cell TCRBCR sequencing technology to the tumor immune mi.pdf
Harnessing the Plasticity of CD4+ T Cells to Treat Immune-Mediated Disease,10.1038/nri.2015.18,data/MS_EXPORT/files/21911/DuPage and Bluestone - 2016 - Harnessing the plasticity of CD4+ T cells to treat immune-mediated disease.pdf
"Gut CD4+ T Cell Phenotypes Are a Continuum Molded by Microbes, Not by TH Archetypes",10.1038/s41590-020-00836-7,"data/MS_EXPORT/files/21914/Kiner et al. - 2021 - Gut CD4+ T cell phenotypes are a continuum molded by microbes, not by TH archetypes.pdf"
Orchestrating B Cell Lymphopoiesis through Interplay of IL-7 Receptor and Pre-B Cell Receptor Signalling,10.1038/nri3570,data/MS_EXPORT/files/21915/Clark et al. - 2014 - Orchestrating B cell lymphopoiesis through interplay of IL-7 receptor and pre-B cell receptor signal.pdf
The Double Life of a B-1 Cell: Self-Reactivity Selects for Protective Effector Functions,10.1038/nri2901,data/MS_EXPORT/files/21918/Baumgarth - 2011 - The double life of a B-1 cell self-reactivity selects for protective effector functions.pdf
The Immune System as a Social Network,10.1038/ni.3727,data/MS_EXPORT/files/21933/Bergthaler and Menche - 2017 - The immune system as a social network.pdf
Regulatory T Cell Adaptation in the Intestine and Skin,10.1038/s41590-019-0351-z,data/MS_EXPORT/files/21934/Whibley et al. - 2019 - Regulatory T cell adaptation in the intestine and skin.pdf
Social Network Architecture of Human Immune Cells Unveiled by Quantitative Proteomics,10.1038/ni.3693,data/MS_EXPORT/files/21935/Rieckmann et al. - 2017 - Social network architecture of human immune cells unveiled by quantitative proteomics.pdf
Lymph Node Fibroblastic Reticular Cells in Health and Disease,10.1038/nri3846,data/MS_EXPORT/files/21954/Fletcher et al. - 2015 - Lymph node fibroblastic reticular cells in health and disease.pdf
A Guide to Thymic Selection of T Cells,10.1038/s41577-023-00911-8,data/MS_EXPORT/files/21995/Ashby and Hogquist - 2024 - A guide to thymic selection of T cells.pdf
The Myeloid Cell Compartment---Cell by Cell,10.1146/annurev-immunol-042718-041728,data/MS_EXPORT/files/21997/Bassler et al. - 2019 - The Myeloid Cell Compartment—Cell by Cell.pdf
Toll-like Receptor Signaling Pathways,10.3389/fimmu.2014.00461,data/MS_EXPORT/files/22020/Kawai - Toll-like receptor signaling pathways.pdf
"Immunological Paradigms, Mechanisms, and Models: Conceptual Understanding Is a Prerequisite to Effective Modeling",10.3389/fimmu.2019.02522,"data/MS_EXPORT/files/22043/Grossman - 2019 - Immunological Paradigms, Mechanisms, and Models Conceptual Understanding Is a Prerequisite to Effec.pdf"
"Mechanistic Models of Cellular Signaling, Cytokine Crosstalk, and Cell-Cell Communication in Immunology",10.3389/fimmu.2019.02268,"data/MS_EXPORT/files/22067/Meier-Schellersheim et al. - 2019 - Mechanistic Models of Cellular Signaling, Cytokine Crosstalk, and Cell-Cell Communication in Immunol.pdf"
Applications of Mechanistic Modelling to Clinical and Experimental Immunology: An Emerging Technology to Accelerate Immunotherapeutic Discovery and Development,10.1111/cei.13182,data/MS_EXPORT/files/22069/Brown et al. - 2018 - Applications of mechanistic modelling to clinical and experimental immunology an emerging technolog.pdf
"Single-Cell Immunology: Past, Present, and Future",10.1016/j.immuni.2022.02.006,"data/MS_EXPORT/files/22070/Ginhoux et al. - 2022 - Single-cell immunology Past, present, and future.pdf"
Insights Gained from Single-Cell Analysis of Immune Cells in the Tumor Microenvironment,10.1146/annurev-immunol-110519-071134,data/MS_EXPORT/files/22071/Ren et al. - 2021 - Insights Gained from Single-Cell Analysis of Immune Cells in the Tumor Microenvironment.pdf
Towards Systems Immunology of Critical Illness at Scale: From Single Cell `omics to Digital Twins,10.1016/j.it.2023.03.004,data/MS_EXPORT/files/22073/Vodovotz - 2023 - Towards systems immunology of critical illness at scale from single cell ‘omics to digital twins.pdf
A Multiscale Mechanistic Model of Human Dendritic Cells for In-Silico Investigation of Immune Responses and Novel Therapeutics Discovery,10.3389/fimmu.2023.1112985,data/MS_EXPORT/files/22078/Aghamiri et al. - 2023 - A multiscale mechanistic model of human dendritic cells for in-silico investigation of immune respon.pdf
Origin and Heterogeneity of Tissue Myeloid Cells: A Focus on GMP-Derived Monocytes and Neutrophils,10.1146/annurev-immunol-081022-113627,data/MS_EXPORT/files/22101/Ng et al. - 2023 - Origin and Heterogeneity of Tissue Myeloid Cells A Focus on GMP-Derived Monocytes and Neutrophils.pdf
Single-Cell Transcriptome Profiling Reveals Neutrophil Heterogeneity in Homeostasis and Infection,10.1038/s41590-020-0736-z,data/MS_EXPORT/files/22103/Xie et al. - 2020 - Single-cell transcriptome profiling reveals neutrophil heterogeneity in homeostasis and infection.pdf
Cellular and Transcriptional Dynamics of Human Neutrophils at Steady State and upon Stress,10.1038/s41590-022-01311-1,data/MS_EXPORT/files/22104/Montaldo et al. - 2022 - Cellular and transcriptional dynamics of human neutrophils at steady state and upon stress.pdf
The Human Condition: An Immunological Perspective,10.1038/ni0511-369,data/MS_EXPORT/files/22107/Germain and Schwartzberg - 2011 - The human condition an immunological perspective.pdf
Discovering Effector Domains in Human Transcription Factors,10.1016/j.it.2023.05.006,data/MS_EXPORT/files/22110/Gilbertson and Weinmann - 2023 - Discovering effector domains in human transcription factors.pdf
Conditioning of the Immune System by the Microbiome,10.1016/j.it.2023.05.002,data/MS_EXPORT/files/22112/Graham and Xavier - 2023 - Conditioning of the immune system by the microbiome.pdf
Signaling Is the Pathway to Macrophage Function,10.1016/j.it.2023.04.007,data/MS_EXPORT/files/22113/Gottschalk - 2023 - Signaling is the pathway to macrophage function.pdf
Heterogeneity in Immune Responses: From Populations to Single Cells,10.1016/j.it.2014.03.004,data/MS_EXPORT/files/22115/Satija and Shalek - 2014 - Heterogeneity in immune responses from populations to single cells.pdf
Improving Vaccine-Induced Immunity: Can Baseline Predict Outcome?,10.1016/j.it.2020.04.001,data/MS_EXPORT/files/22125/Tsang et al. - 2020 - Improving Vaccine-Induced Immunity Can Baseline Predict Outcome.pdf
"Utilizing Population Variation, Vaccination, and Systems Biology to Study Human Immunology",10.1016/j.it.2015.06.005,"data/MS_EXPORT/files/22126/Tsang - 2015 - Utilizing population variation, vaccination, and systems biology to study human immunology.pdf"
The Evolution of Mathematical Immunology,10.1111/j.1600-065X.2006.00495.x,data/MS_EXPORT/files/22130/Louzoun - 2007 - The evolution of mathematical immunology.pdf
Towards a Quantitative Theory of Tolerance,10.1016/j.it.2023.04.008,data/MS_EXPORT/files/22137/Mora and Walczak - 2023 - Towards a quantitative theory of tolerance.pdf
Human Immune System Variation,10.1038/nri.2016.125,data/MS_EXPORT/files/22149/Brodin and Davis - 2017 - Human immune system variation.pdf
Quantitating CD8+ T Cell Memory Development,10.1016/j.it.2023.05.004,data/MS_EXPORT/files/22151/Nizharadze et al. - 2023 - Quantitating CD8+ T cell memory development.pdf
A Variegated Model of Transcription Factor Function in the Immune System,10.1016/j.it.2023.05.001,data/MS_EXPORT/files/22152/Chowdhary and Benoist - 2023 - A variegated model of transcription factor function in the immune system.pdf
Transcriptome-Based Measurement of CD8+ T Cell Age and Its Applications,10.1016/j.it.2023.05.005,data/MS_EXPORT/files/22154/Weng - 2023 - Transcriptome-based measurement of CD8+ T cell age and its applications.pdf
Multiscale Geometric and Topological Analyses for Characterizing and Predicting Immune Responses from Single Cell Data,10.1016/j.it.2023.05.003,data/MS_EXPORT/files/22155/Venkat et al. - 2023 - Multiscale geometric and topological analyses for characterizing and predicting immune responses fro.pdf
Combinatorial Recipes for Quantifying and Predicting Immune Responses,10.1016/j.it.2023.05.008,data/MS_EXPORT/files/22156/Sacristán - 2023 - Combinatorial recipes for quantifying and predicting immune responses.pdf
Solving Immunology?,10.1016/j.it.2016.11.006,data/MS_EXPORT/files/22158/Vodovotz et al. - 2017 - Solving Immunology.pdf
Immune Ageing at Single-Cell Resolution,10.1038/s41577-021-00646-4,data/MS_EXPORT/files/22178/Mogilenko et al. - 2022 - Immune ageing at single-cell resolution.pdf
Tissue-Resident Immune Cells in Humans,10.1146/annurev-immunol-093019-112809,data/MS_EXPORT/files/22180/Gray and Farber - 2022 - Tissue-Resident Immune Cells in Humans.pdf
Functional Hallmarks of Healthy Macrophage Responses: Their Regulatory Basis and Disease Relevance,10.1146/annurev-immunol-101320-031555,data/MS_EXPORT/files/22181/Sheu and Hoffmann - 2022 - Functional Hallmarks of Healthy Macrophage Responses Their Regulatory Basis and Disease Relevance.pdf
Gene Regulatory Circuits in Innate and Adaptive Immune Cells,10.1146/annurev-immunol-101320-025949,data/MS_EXPORT/files/22182/Saini et al. - 2022 - Gene Regulatory Circuits in Innate and Adaptive Immune Cells.pdf
Control of RelB during Dendritic Cell Activation Integrates Canonical and Noncanonical NF-{$\kappa$}B Pathways,10.1038/ni.2446,data/MS_EXPORT/files/22186/Shih et al. - 2012 - Control of RelB during dendritic cell activation integrates canonical and noncanonical NF-κB pathway.pdf
Listening in on Multicellular Communication in Human Tissue Immunology,10.3389/fimmu.2022.884185,data/MS_EXPORT/files/22187/Albers and Pelka - 2022 - Listening in on Multicellular Communication in Human Tissue Immunology.pdf
The Science and Medicine of Human Immunology,10.1126/science.aay4014,data/MS_EXPORT/files/22219/Pulendran and Davis - 2020 - The science and medicine of human immunology.pdf
Recording the Wild Lives of Immune Cells,10.1126/sciimmunol.aaq0491,data/MS_EXPORT/files/22224/Pittet et al. - 2018 - Recording the wild lives of immune cells.pdf
SREBP Signaling Is Essential for Effective B Cell Responses,10.1038/s41590-022-01376-y,data/MS_EXPORT/files/22246/Luo et al. - 2023 - SREBP signaling is essential for effective B cell responses.pdf
Systems Biology of Vaccination for Seasonal Influenza in Humans,10.1038/ni.2067,data/MS_EXPORT/files/22254/Nakaya et al. - 2011 - Systems biology of vaccination for seasonal influenza in humans.pdf
ImmuneData: An Integrated Data Discovery System for Immunology Data Repositories,10.1093/database/baac003,data/MS_EXPORT/files/22271/Deng et al. - 2022 - ImmuneData an integrated data discovery system for immunology data repositories.pdf
"Systems Immunology: A Survey of Modeling Formalisms, Applications and Simulation Tools",10.1007/s12026-012-8305-7,"data/MS_EXPORT/files/22281/Narang et al. - 2012 - Systems immunology a survey of modeling formalisms, applications and simulation tools.pdf"
What Scales the T Cell Response?,10.1016/j.it.2016.06.005,data/MS_EXPORT/files/22282/Mayya and Dustin - 2016 - What Scales the T Cell Response.pdf
Systems Biology in Immunology: A Computational Modeling Perspective,10.1146/annurev-immunol-030409-101317,data/MS_EXPORT/files/22284/Germain et al. - 2011 - Systems Biology in Immunology A Computational Modeling Perspective.pdf
Systems Vaccinology and Big Data in the Vaccine Development Chain,10.1111/imm.13012,data/MS_EXPORT/files/22295/Raeven et al. - 2019 - Systems vaccinology and big data in the vaccine development chain.pdf
Variability in the Immune System: Of Vaccine Responses and Immune States,10.1016/j.coi.2013.07.009,data/MS_EXPORT/files/22296/Shen-Orr and Furman - 2013 - Variability in the immune system of vaccine responses and immune states.pdf
CD4+ T Cell Memory,10.1038/s41590-023-01510-4,data/MS_EXPORT/files/22305/Künzli and Masopust - 2023 - CD4+ T cell memory.pdf
"The Immune Signatures Data Resource, a Compendium of Systems Vaccinology Datasets",10.1038/s41597-022-01714-7,"data/MS_EXPORT/files/22314/Diray-Arce et al. - 2022 - The Immune Signatures data resource, a compendium of systems vaccinology datasets.pdf"
Single-Cell Multiomic Analysis of Thymocyte Development Reveals Drivers of CD4+ T Cell and CD8+ T Cell Lineage Commitment,10.1038/s41590-023-01584-0,data/MS_EXPORT/files/22321/Steier et al. - 2023 - Single-cell multiomic analysis of thymocyte development reveals drivers of CD4+ T cell and CD8+ T ce.pdf
Doubling down to Make Killer T Cells,10.1038/s41590-023-01593-z,data/MS_EXPORT/files/22322/Kappes and Wiest - 2023 - Doubling down to make killer T cells.pdf
Single-Cell Diversity and Functional Plasticity of Human MAIT Cells,10.1038/s41590-023-01600-3,data/MS_EXPORT/files/22323/2023 - Single-cell diversity and functional plasticity of human MAIT cells.pdf
"Single-Cell Analysis of Human MAIT Cell Transcriptional, Functional and Clonal Diversity",10.1038/s41590-023-01575-1,"data/MS_EXPORT/files/22324/Garner et al. - 2023 - Single-cell analysis of human MAIT cell transcriptional, functional and clonal diversity.pdf"
Trimodal Single-Cell Profiling Reveals a Novel Pediatric CD8{$\alpha\alpha$}+ T Cell Subset and Broad Age-Related Molecular Reprogramming across the T Cell Compartment,10.1038/s41590-023-01641-8,data/MS_EXPORT/files/22325/Thomson et al. - 2023 - Trimodal single-cell profiling reveals a novel pediatric CD8αα+ T cell subset and broad age-related.pdf
"Tissue-Resident Memory CD8+ T Cells Possess Unique Transcriptional, Epigenetic and Functional Adaptations to Different Tissue Environments",10.1038/s41590-022-01229-8,"data/MS_EXPORT/files/22326/Crowl et al. - 2022 - Tissue-resident memory CD8+ T cells possess unique transcriptional, epigenetic and functional adapta.pdf"
Simulation Modelling for Immunologists,10.1038/s41577-019-0235-3,data/MS_EXPORT/files/22341/Handel et al. - 2020 - Simulation modelling for immunologists.pdf
Dendritic Cell Subsets in Cancer Immunity and Tumor Antigen Sensing,10.1038/s41423-023-00990-6,data/MS_EXPORT/files/22356/Del Prete et al. - 2023 - Dendritic cell subsets in cancer immunity and tumor antigen sensing.pdf
Tissue Adaptation and Clonal Segregation of Human Memory T Cells in Barrier Sites,10.1038/s41590-022-01395-9,data/MS_EXPORT/files/22357/Poon et al. - 2023 - Tissue adaptation and clonal segregation of human memory T cells in barrier sites.pdf
"Dissecting the Dynamic Transcriptional Landscape of Early T Helper Cell Differentiation into Th1, Th2, and Th1/2 Hybrid Cells",10.3389/fimmu.2022.928018,"data/MS_EXPORT/files/22387/Burt et al. - 2022 - Dissecting the dynamic transcriptional landscape of early T helper cell differentiation into Th1, Th.pdf"
Secondary Mechanisms of Diversification in the Human Antibody Repertoire,10.3389/fimmu.2013.00042,data/MS_EXPORT/files/22396/Briney and Jr. - 2013 - Secondary mechanisms of diversification in the human antibody repertoire.pdf
Epigenetic Aspects of Lymphocyte Antigen Receptor Gene Rearrangement or `When Stochasticity Completes Randomness',10.1111/imm.12057,data/MS_EXPORT/files/22432/Jaeger et al. - 2013 - Epigenetic aspects of lymphocyte antigen receptor gene rearrangement or ‘when stochasticity complete.pdf
Central Tolerance: Learning Self-Control in the Thymus,10.1038/nri1707,data/MS_EXPORT/files/22435/Hogquist et al. - 2005 - Central tolerance learning self-control in the thymus.pdf
Systems Approaches to Human Autoimmune Diseases,10.1016/j.coi.2013.08.005,data/MS_EXPORT/files/22469/Banchereau et al. - 2013 - Systems approaches to human autoimmune diseases.pdf
The Role of the Gut Microbiota in Multiple Sclerosis,10.1038/s41582-022-00697-8,data/MS_EXPORT/files/22542/Correale et al. - 2022 - The role of the gut microbiota in multiple sclerosis.pdf
Epstein--Barr Virus as a Leading Cause of Multiple Sclerosis: Mechanisms and Implications,10.1038/s41582-023-00775-5,data/MS_EXPORT/files/22552/Bjornevik et al. - 2023 - Epstein–Barr virus as a leading cause of multiple sclerosis mechanisms and implications.pdf
Epstein--Barr Virus and Multiple Sclerosis,10.1038/s41579-022-00770-5,data/MS_EXPORT/files/22553/Soldan and Lieberman - 2023 - Epstein–Barr virus and multiple sclerosis.pdf
Drivers of Heterogeneity in Synovial Fibroblasts in Rheumatoid Arthritis,10.1038/s41590-023-01527-9,data/MS_EXPORT/files/22554/Smith et al. - 2023 - Drivers of heterogeneity in synovial fibroblasts in rheumatoid arthritis.pdf
Human Disease-Specific Cell Signatures in Non-Lesional Tissue in Multiple Sclerosis Detected by Single-Cell and Spatial Transcriptomics,10.1101/2023.12.20.572491,data/MS_EXPORT/files/22582/Lam et al. - 2023 - Human disease-specific cell signatures in non-lesional tissue in Multiple Sclerosis detected by sing.pdf
Identifying CNS-Colonizing T Cells as Potential Therapeutic Targets to Prevent Progression of Multiple Sclerosis,10.1016/j.medj.2021.01.006,data/MS_EXPORT/files/22583/Kaufmann et al. - 2021 - Identifying CNS-colonizing T cells as potential therapeutic targets to prevent progression of multip.pdf
The Sense of Place in the Immune System,10.1038/ni0406-329,data/MS_EXPORT/files/22631/Cahalan and Gutman - 2006 - The sense of place in the immune system.pdf
Integrating Single-Cell Multi-Omics and Prior Biological Knowledge for a Functional Characterization of the Immune System,10.1038/s41590-024-01768-2,data/MS_EXPORT/files/22751/Schäfer et al. - 2024 - Integrating single-cell multi-omics and prior biological knowledge for a functional characterization.pdf
The Compartmentalized Inflammatory Response in the Multiple Sclerosis Brain Is Composed of Tissue-Resident CD8+ T Lymphocytes and B Cells,10.1093/brain/awy151,data/MS_EXPORT/files/22752/Machado-Santos et al. - 2018 - The compartmentalized inflammatory response in the multiple sclerosis brain is composed of tissue-re.pdf
Slow Expansion of Multiple Sclerosis Iron Rim Lesions: Pathology and 7 T Magnetic Resonance Imaging,10.1007/s00401-016-1636-z,data/MS_EXPORT/files/22753/Dal-Bianco et al. - 2017 - Slow expansion of multiple sclerosis iron rim lesions pathology and 7 T magnetic resonance imaging.pdf
Spatial Distribution of Multiple Sclerosis Iron Rim Lesions and Their Impact on Disability,10.1016/j.msard.2022.103967,data/MS_EXPORT/files/22755/Wittayer et al. - 2022 - Spatial distribution of multiple sclerosis iron rim lesions and their impact on disability.pdf
Homogeneity of Active Demyelinating Lesions in Established Multiple Sclerosis,10.1002/ana.21311,data/MS_EXPORT/files/22756/Breij et al. - 2008 - Homogeneity of active demyelinating lesions in established multiple sclerosis.pdf
Association of Chronic Active Multiple Sclerosis Lesions With Disability In Vivo,10.1001/jamaneurol.2019.2399,data/MS_EXPORT/files/22757/Absinta et al. - 2019 - Association of Chronic Active Multiple Sclerosis Lesions With Disability In Vivo.pdf
Multiple Sclerosis: Distribution of Inflammatory Cells in Newly Forming Lesions,10.1002/ana.21800,data/MS_EXPORT/files/22758/Henderson et al. - 2009 - Multiple sclerosis Distribution of inflammatory cells in newly forming lesions.pdf
Monocyte/Macrophage Differentiation in Early Multiple Sclerosis Lesions,10.1002/ana.410380514,data/MS_EXPORT/files/22759/Brück et al. - 1995 - Monocytemacrophage differentiation in early multiple sclerosis lesions.pdf
Cortical Projection Neurons as a Therapeutic Target in Multiple Sclerosis,10.1080/14728222.2020.1842358,data/MS_EXPORT/files/22760/Beutel et al. - 2020 - Cortical projection neurons as a therapeutic target in multiple sclerosis.pdf
Cross-Regional Homeostatic and Reactive Glial Signatures in Multiple Sclerosis,10.1007/s00401-022-02497-2,data/MS_EXPORT/files/22761/Trobisch et al. - 2022 - Cross-regional homeostatic and reactive glial signatures in multiple sclerosis.pdf
Myeloid Cell Iron Uptake Pathways and Paramagnetic Rim Formation in Multiple Sclerosis,10.1007/s00401-023-02627-4,data/MS_EXPORT/files/22762/Hofmann et al. - 2023 - Myeloid cell iron uptake pathways and paramagnetic rim formation in multiple sclerosis.pdf
Single-Cell Multi-Omics Map of Cell Type--Specific Mechanistic Drivers of Multiple Sclerosis Lesions,10.1212/NXI.0000000000200213,data/MS_EXPORT/files/22763/Elkjaer et al. - 2024 - Single-Cell Multi-Omics Map of Cell Type–Specific Mechanistic Drivers of Multiple Sclerosis Lesions.pdf
Disease Models of Autoimmunity,10.1016/j.it.2005.09.003,data/MS_EXPORT/files/22776/Ferguson - 2005 - Disease models of autoimmunity.pdf
Molecular Mechanisms Linking Neuroinflammation and Neurodegeneration in MS,10.1016/j.expneurol.2014.02.006,data/MS_EXPORT/files/22777/Ellwardt and Zipp - 2014 - Molecular mechanisms linking neuroinflammation and neurodegeneration in MS.pdf
Animal Models for Autoimmune and Inflammatory Disease,10.1002/0471142735.im1500s96,data/MS_EXPORT/files/22778/Shevach - 2012 - Animal Models for Autoimmune and Inflammatory Disease.pdf
Experimental Autoimmune Encephalomyelitis in the Mouse,10.1002/0471142735.im1501s88,data/MS_EXPORT/files/22779/Miller et al. - 2010 - Experimental Autoimmune Encephalomyelitis in the Mouse.pdf
Experimental Autoimmune Encephalomyelitis in the Rat,10.1002/0471142735.im1502s85,data/MS_EXPORT/files/22780/Mannie et al. - 2009 - Experimental Autoimmune Encephalomyelitis in the Rat.pdf
Spatial Transcriptomics and Neurofilament Light Chain Reveal Changes in Lesion Patterns in Murine Autoimmune Neuroinflammation,10.1186/s12974-023-02947-y,data/MS_EXPORT/files/22782/Brummer et al. - 2023 - Spatial transcriptomics and neurofilament light chain reveal changes in lesion patterns in murine au.pdf
Cell Type-Specific Transcriptomics Identifies Neddylation as a Novel Therapeutic Target in Multiple Sclerosis,10.1093/brain/awaa421,data/MS_EXPORT/files/22786/Kim et al. - 2021 - Cell type-specific transcriptomics identifies neddylation as a novel therapeutic target in multiple.pdf
Democratizing Systems Immunology with Modular Transcriptional Repertoire Analyses,10.1038/nri3642,data/MS_EXPORT/files/22791/Chaussabel and Baldwin - 2014 - Democratizing systems immunology with modular transcriptional repertoire analyses.pdf
Resident Tissue Macrophages: Key Coordinators of Tissue Homeostasis beyond Immunity,10.1126/sciimmunol.add1967,data/MS_EXPORT/files/22815/Zhao et al. - 2024 - Resident tissue macrophages Key coordinators of tissue homeostasis beyond immunity.pdf
Could Mathematics Be the Key to Unlocking the Mysteries of Multiple Sclerosis?,10.1007/s11538-023-01181-0,data/MS_EXPORT/files/22835/Weatherley et al. - 2023 - Could Mathematics be the Key to Unlocking the Mysteries of Multiple Sclerosis.pdf
Exploring New Perspectives in Immunology,10.1016/j.cell.2024.03.038,data/MS_EXPORT/files/22837/Medzhitov and Iwasaki - 2024 - Exploring new perspectives in immunology.pdf
"Of Mice, Men and Immunity: A Case for Evolutionary Systems Biology",10.1038/s41590-018-0084-4,"data/MS_EXPORT/files/22844/Ernst and Carvunis - 2018 - Of mice, men and immunity a case for evolutionary systems biology.pdf"
Biochemical Biomarkers for Multiple Sclerosis,10.1016/j.cca.2023.117471,data/MS_EXPORT/files/22853/Maroto-García et al. - 2023 - Biochemical biomarkers for multiple sclerosis.pdf
A Method for Predicting Drugs That Can Boost the Efficacy of Immune Checkpoint Blockade,10.1038/s41590-024-01789-x,data/MS_EXPORT/files/22859/Xia et al. - 2024 - A method for predicting drugs that can boost the efficacy of immune checkpoint blockade.pdf
Role of Tumor Necrosis Factor-Alpha in the Central Nervous System: A Focus on Autoimmune Disorders,10.3389/fimmu.2023.1213448,data/MS_EXPORT/files/22965/Gonzalez Caldito - 2023 - Role of tumor necrosis factor-alpha in the central nervous system a focus on autoimmune disorders.pdf
Twin Study Dissects CXCR3+ Memory B Cells as Non-Heritable Feature in Multiple Sclerosis,10.1016/j.medj.2024.02.013,data/MS_EXPORT/files/22971/Ingelfinger et al. - 2024 - Twin study dissects CXCR3+ memory B cells as non-heritable feature in multiple sclerosis.pdf
"A Humanized Mouse That Mounts Mature Class-Switched, Hypermutated and Neutralizing Antibody Responses",10.1038/s41590-024-01880-3,"data/MS_EXPORT/files/23039/Chupp et al. - 2024 - A humanized mouse that mounts mature class-switched, hypermutated and neutralizing antibody response.pdf"
Angiotensin II Controls Occludin Function and Is Required for Blood--Brain Barrier Maintenance: Relevance to Multiple Sclerosis,10.1523/JNEUROSCI.2088-07.2007,data/MS_EXPORT/files/23070/Wosik et al. - 2007 - Angiotensin II Controls Occludin Function and Is Required for Blood–Brain Barrier Maintenance Relev.pdf
Endothelial-to-Mesenchymal Transition in Multiple Sclerosis: Good Cells Gone Bad,10.1016/j.neuron.2022.09.017,data/MS_EXPORT/files/23072/Mey and DeSilva - 2022 - Endothelial-to-mesenchymal transition in multiple sclerosis Good cells gone bad.pdf
CD19-Targeted Chimeric Antigen Receptor T Cell Therapy in Two Patients with Multiple Sclerosis,10.1016/j.medj.2024.03.002,data/MS_EXPORT/files/23075/Fischbach et al. - 2024 - CD19-targeted chimeric antigen receptor T cell therapy in two patients with multiple sclerosis.pdf
TGF-Beta1 Regulates Human Brain Pericyte Inflammatory Processes Involved in Neurovasculature Function,10.1186/s12974-016-0503-0,data/MS_EXPORT/files/23076/Rustenhoven et al. - 2016 - TGF-beta1 regulates human brain pericyte inflammatory processes involved in neurovasculature functio.pdf
A Guide to Vaccinology: From Basic Principles to New Developments,10.1038/s41577-020-00479-7,data/MS_EXPORT/files/23086/Pollard and Bijker - 2021 - A guide to vaccinology from basic principles to new developments.pdf
Trogocytosis Challenges the Cellular Specificity of Lineage Markers and Monoclonal Antibodies,10.1038/s41577-023-00920-7,data/MS_EXPORT/files/23107/Ochs et al. - 2023 - Trogocytosis challenges the cellular specificity of lineage markers and monoclonal antibodies.pdf
A Milestone in Multiple Sclerosis Therapy: Monoclonal Antibodies Against CD20---Yet Progress Continues,10.1007/s13311-021-01048-z,data/MS_EXPORT/files/23108/Frisch et al. - 2021 - A Milestone in Multiple Sclerosis Therapy Monoclonal Antibodies Against CD20—Yet Progress Continues.pdf
What Is Trogocytosis and What Is Its Purpose?,10.1038/ni0903-815,data/MS_EXPORT/files/23109/Joly and Hudrisier - 2003 - What is trogocytosis and what is its purpose.pdf
Metabolomics of Multiple Sclerosis Lesions Demonstrates Lipid Changes Linked to Alterations in Transcriptomics-Based Cellular Profiles,10.1212/NXI.0000000000200219,data/MS_EXPORT/files/23123/Ladakis et al. - 2024 - Metabolomics of Multiple Sclerosis Lesions Demonstrates Lipid Changes Linked to Alterations in Trans.pdf
T-cell Activation--Induced Marker Assays in Health and Disease,10.1111/imcb.12636,data/MS_EXPORT/files/23125/Poloni et al. - 2023 - T‐cell activation–induced marker assays in health and disease.pdf
Transcriptional Atlas of the Human Immune Response to 13 Vaccines Reveals a Common Predictor of Vaccine-Induced Antibody Responses,10.1038/s41590-022-01328-6,data/MS_EXPORT/files/23128/Hagan et al. - 2022 - Transcriptional atlas of the human immune response to 13 vaccines reveals a common predictor of vacc.pdf
CCL Genes in Multiple Sclerosis and Systemic Lupus Erythematosus,10.1016/j.jneuroim.2008.05.016,data/MS_EXPORT/files/23148/Vyshkina et al. - 2008 - CCL genes in multiple sclerosis and systemic lupus erythematosus.pdf
Iron Scavenging and Myeloid Cell Polarization,10.1016/j.it.2024.06.006,data/MS_EXPORT/files/23156/Ludwig et al. - 2024 - Iron scavenging and myeloid cell polarization.pdf
Mitochondrial Complex I Activity in Microglia Sustains Neuroinflammation,10.1038/s41586-024-07167-9,data/MS_EXPORT/files/10198/Peruzzotti-Jametti et al. - 2024 - Mitochondrial complex I activity in microglia sust.pdf
Brain Macrophages Acquire Distinct Transcriptomes in Multiple Sclerosis Lesions and Normal Appearing White Matter,10.1186/s40478-021-01306-3,data/MS_EXPORT/files/23167/Miedema et al. - 2022 - Brain macrophages acquire distinct transcriptomes in multiple sclerosis lesions and normal appearing.pdf
Single-Cell Profiling Identifies Myeloid Cell Subsets with Distinct Fates during Neuroinflammation,10.1126/science.aat7554,data/MS_EXPORT/files/23168/Jordão et al. - 2019 - Single-cell profiling identifies myeloid cell subsets with distinct fates during neuroinflammation.pdf
Persistent 7-Tesla Phase Rim Predicts Poor Outcome in New Multiple Sclerosis Patient Lesions,10.1172/JCI86198,data/MS_EXPORT/files/23169/Absinta et al. - 2016 - Persistent 7-tesla phase rim predicts poor outcome in new multiple sclerosis patient lesions.pdf
Epigenetic Regulation of Innate Immune Memory in Microglia,10.1186/s12974-022-02463-5,data/MS_EXPORT/files/23170/Zhang et al. - 2022 - Epigenetic regulation of innate immune memory in microglia.pdf
Exposure of iPSC-Derived Human Microglia to Brain Substrates Enables the Generation and Manipulation of Diverse Transcriptional States in Vitro,10.1038/s41590-023-01558-2,data/MS_EXPORT/files/23173/Dolan et al. - 2023 - Exposure of iPSC-derived human microglia to brain substrates enables the generation and manipulation.pdf
Intravenous Immunoglobulins for Multiple Sclerosis,10.1002/14651858.CD002936,data/MS_EXPORT/files/23188/Gray et al. - 2003 - Intravenous immunoglobulins for multiple sclerosis.pdf
Dimethyl Fumarate for Multiple Sclerosis,10.1002/14651858.CD011076.pub2,data/MS_EXPORT/files/23350/Xu et al. - 2015 - Dimethyl fumarate for multiple sclerosis.pdf
Identifying Shared Genetic Loci and Common Risk Genes of Rheumatoid Arthritis Associated with Three Autoimmune Diseases Based on Large-Scale Cross-Trait Genome-Wide Association Studies,10.3389/fimmu.2023.1160397,data/MS_EXPORT/files/23351/Wen and Yu - 2023 - Identifying shared genetic loci and common risk genes of rheumatoid arthritis associated with three.pdf
Treatment Effects of Immunomodulatory Therapies at Different Stages of Multiple Sclerosis in Short-Term Trials,10.1212/WNL.0b013e3182050388,data/MS_EXPORT/files/23356/Bates - 2011 - Treatment effects of immunomodulatory therapies at different stages of multiple sclerosis in short-t.pdf
Molecular Mimicry in MS,10.1038/s41590-022-01156-8,data/MS_EXPORT/files/23357/Dempsey - 2022 - Molecular mimicry in MS.pdf
Epstein-Barr Virus and Multiple Sclerosis,10.1126/science.abm7930,data/MS_EXPORT/files/23358/Robinson and Steinman - Epstein-Barr virus and multiple sclerosis.pdf
Interleukin-6 Deficiency Exacerbates Huntington's Disease Model Phenotypes,10.1186/s13024-020-00379-3,data/MS_EXPORT/files/23406/Wertz et al. - 2020 - Interleukin-6 deficiency exacerbates Huntington’s disease model phenotypes.pdf
B Cell Depletion Attenuates CD27 Signaling of T Helper Cells in Multiple Sclerosis,10.1016/j.xcrm.2023.101351,data/MS_EXPORT/files/23454/Ulutekin et al. - 2024 - B cell depletion attenuates CD27 signaling of T helper cells in multiple sclerosis.pdf
"Repeated Subcutaneous Injections of IL12/23 P40 Neutralising Antibody, Ustekinumab, in Patients with Relapsing-Remitting Multiple Sclerosis: A Phase II, Double-Blind, Placebo-Controlled, Randomised, Dose-Ranging Study",10.1016/S1474-4422(08)70173-X,"data/MS_EXPORT/files/20628/Segal et al. - 2008 - Repeated subcutaneous injections of IL1223 p40 neutralising antibody, ustekinumab, in patients with.pdf"
Heterogeneity of Multiple Sclerosis Lesions: Implications for the Pathogenesis of Demyelination,10.1002/1531-8249(200006)47:6<707::AID-ANA3>3.0.CO;2-Q,data/MS_EXPORT/files/22754/Lucchinetti et al. - 2000 - Heterogeneity of multiple sclerosis lesions Implications for the pathogenesis of demyelination.pdf
Cellular Architecture of Evolving Neuroinflammatory Lesions and Multiple Sclerosis Pathology,10.1016/j.cell.2024.02.030,data/MS_EXPORT/files/22775/Kukanja et al. - 2024 - Cellular architecture of evolving neuroinflammatory lesions and multiple sclerosis pathology.pdf
Predictive Potential of Serum and Cerebrospinal Fluid Biomarkers for Disease Activity in Treated Multiple Sclerosis Patients,10.1016/j.msard.2024.105734,data/MS_EXPORT/files/27191/Tortosa-Carreres et al. - 2024 - Predictive potential of serum and cerebrospinal fluid biomarkers for disease activity in treated mul.pdf
Bruton Tyrosine Kinase Inhibitors for Multiple Sclerosis,10.1038/s41582-023-00800-7,data/MS_EXPORT/files/27200/Krämer et al. - 2023 - Bruton tyrosine kinase inhibitors for multiple sclerosis.pdf
Inflammation and Immune Dysfunction in Parkinson Disease,10.1038/s41577-022-00684-6,data/MS_EXPORT/files/27553/Tansey et al. - 2022 - Inflammation and immune dysfunction in Parkinson disease.pdf
Single Nuclei RNAseq Stratifies Multiple Sclerosis Patients into Distinct White Matter Glial Responses,10.1101/2022.04.06.487263,data/MS_EXPORT/files/27893/Macnair et al. - 2023 - Single nuclei RNAseq stratifies multiple sclerosis patients into distinct white matter glial respons.pdf
Smouldering Multiple Sclerosis: The `Real MS',10.1177/17562864211066751,data/MS_EXPORT/files/27944/Giovannoni et al. - 2022 - Smouldering multiple sclerosis the ‘real MS’.pdf
An Overall View of the Most Common Experimental Models for Multiple Sclerosis,10.1016/j.nbd.2023.106230,data/MS_EXPORT/files/27950/Dedoni et al. - 2023 - An overall view of the most common experimental models for multiple sclerosis.pdf
Quality of Life in Adults with Multiple Sclerosis: A Systematic Review,10.1136/bmjopen-2020-041249,data/MS_EXPORT/files/27947/Gil-González et al. - 2020 - Quality of life in adults with multiple sclerosis a systematic review.pdf
Multiple Sclerosis,10.1038/s41572-018-0041-4,data/MS_EXPORT/files/27954/Filippi et al. - 2018 - Multiple sclerosis.pdf
Fluid Biomarkers in Multiple Sclerosis: From Current to Future Applications,10.1016/j.lanepe.2024.101009,data/MS_EXPORT/files/27953/Filippo et al. - 2024 - Fluid biomarkers in multiple sclerosis from current to future applications.pdf
Multiple Sclerosis - Remyelination Failure as a Cause of Disease Progression,10.14670/HH-27.277,data/MS_EXPORT/files/27960/Hagemeier et al. - 2012 - Multiple sclerosis - remyelination failure as a cause of disease progression.pdf
Secreted Immune Metabolites That Mediate Immune Cell Communication and Function,10.1016/j.it.2022.10.006,data/MS_EXPORT/files/27978/Zhang et al. - 2022 - Secreted immune metabolites that mediate immune cell communication and function.pdf
NF-{$\kappa$}B Dynamics in the Language of Immune Cells,10.1016/j.it.2022.11.005,data/MS_EXPORT/files/27981/Aqdas and Sung - 2023 - NF-κB dynamics in the language of immune cells.pdf
TCR Sequencing Paired with Massively Parallel 3{$\prime$} RNA-Seq Reveals Clonotypic T Cell Signatures,10.1038/s41590-019-0544-5,data/MS_EXPORT/files/27983/Tu et al. - 2019 - TCR sequencing paired with massively parallel 3′ RNA-seq reveals clonotypic T cell signatures.pdf
The Immunoregulatory Landscape of Human Tuberculosis Granulomas,10.1038/s41590-021-01121-x,data/MS_EXPORT/files/27990/McCaffrey et al. - 2022 - The immunoregulatory landscape of human tuberculosis granulomas.pdf
Hematopoiesis in Numbers,10.1016/j.it.2021.10.006,data/MS_EXPORT/files/27993/Cosgrove et al. - 2021 - Hematopoiesis in numbers.pdf
{$A\beta$} T Cell Receptors as Predictors of Health and Disease,10.1038/cmi.2014.134,data/MS_EXPORT/files/27995/Attaf et al. - 2015 - αβ T cell receptors as predictors of health and disease.pdf
Dual TCR T Cells: Identity Crisis or Multitaskers?,10.4049/jimmunol.1800904,data/MS_EXPORT/files/28143/Schuldt and Binstadt - 2019 - Dual TCR T Cells Identity Crisis or Multitaskers.pdf
Interpretable Neural ODEs for Gene Regulatory Network Discovery under Perturbations,10.48550/arXiv.2501.02409,data/MS_EXPORT/files/28151/Lin et al. - 2025 - Interpretable Neural ODEs for Gene Regulatory Network Discovery under Perturbations.pdf
Single-Cell Multiomics Defines Tolerogenic Extrathymic Aire-Expressing Populations with Unique Homology to Thymic Epithelium,10.1126/sciimmunol.abl5053,data/MS_EXPORT/files/28168/Wang et al. - 2021 - Single-cell multiomics defines tolerogenic extrathymic Aire-expressing populations with unique homol.pdf
Predicting RNA-Seq Coverage from DNA Sequence as a Unifying Model of Gene Regulation,10.1101/2023.08.30.555582,data/MS_EXPORT/files/23223/Linder et al. - 2023 - Predicting RNA-seq coverage from DNA sequence as a unifying model of gene regulation.pdf
Neuronal Vulnerability and Multilineage Diversity in Multiple Sclerosis,10.1038/s41586-019-1404-z,data/MS_EXPORT/files/28346/Schirmer et al. - 2019 - Neuronal vulnerability and multilineage diversity in multiple sclerosis.pdf
Identification of Early Neurodegenerative Pathways in Progressive Multiple Sclerosis,10.1038/s41593-022-01097-3,data/MS_EXPORT/files/28348/Kaufmann et al. - 2022 - Identification of early neurodegenerative pathways in progressive multiple sclerosis.pdf
A Pathogenic and Clonally Expanded B Cell Transcriptome in Active Multiple Sclerosis,10.1073/pnas.2008523117,data/MS_EXPORT/files/28350/Ramesh et al. - 2020 - A pathogenic and clonally expanded B cell transcriptome in active multiple sclerosis.pdf
Single-Cell RNA-Seq Analysis of Human CSF Microglia and Myeloid Cells in Neuroinflammation,10.1212/NXI.0000000000000732,data/MS_EXPORT/files/28352/Esaulova et al. - 2020 - Single-cell RNA-seq analysis of human CSF microglia and myeloid cells in neuroinflammation.pdf
Integrated Single Cell Analysis of Blood and Cerebrospinal Fluid Leukocytes in Multiple Sclerosis,10.1038/s41467-019-14118-w,data/MS_EXPORT/files/28354/Schafflick et al. - 2020 - Integrated single cell analysis of blood and cerebrospinal fluid leukocytes in multiple sclerosis.pdf
Early Adaptive Immune Activation Detected in Monozygotic Twins with Prodromal Multiple Sclerosis,10.1172/JCI128475,data/MS_EXPORT/files/28356/Beltrán et al. - 2019 - Early adaptive immune activation detected in monozygotic twins with prodromal multiple sclerosis.pdf
Multiple Sclerosis: Emerging Epidemiological Trends and Redefining the Clinical Course,10.1016/j.lanepe.2024.100977,data/MS_EXPORT/files/28371/Portaccio et al. - 2024 - Multiple sclerosis emerging epidemiological trends and redefining the clinical course.pdf
"Rising Prevalence of Multiple Sclerosis Worldwide: Insights from the Atlas of MS, Third Edition",10.1177/1352458520970841,"data/MS_EXPORT/files/28373/Walton et al. - 2020 - Rising prevalence of multiple sclerosis worldwide Insights from the Atlas of MS, third edition.pdf"
Epidemiology of Multiple Sclerosis,10.1016/j.neurol.2015.10.006,data/MS_EXPORT/files/28378/Leray et al. - 2016 - Epidemiology of multiple sclerosis.pdf
